date,day_num,dow,PRESDAY,STPATS,KDERBY,MEMDAY,INDDAY,LABORDAY,NCAABBALL,TREND,R1_COIN,R1_DROP,R1_RAKE,R2_COIN,R2_DROP,R2_RAKE,R3_COIN,R3_DROP,R3_RAKE
2009-02-03,1,Tuesday,0,0,0,0,0,0,0,0.0,1772621.165240265,276443.7909643073,3971.7052628301103,5224949.1677215835,1865902.1865997817,16475.695553016525,5583479.612537539,172083.70692519788,2943.349562247772
2009-02-04,2,Wednesday,0,0,0,0,0,0,0,0.693147180559945,1772528.841074327,281302.1039382919,4342.207541699879,4883472.169858777,3665454.3600440663,24696.046982327647,6193941.679341522,181551.45241340177,3505.5345238425134
2009-02-05,3,Thursday,0,0,0,0,0,0,0,1.09861228866811,1880720.6988689045,376328.4644999852,4358.190826001044,6125977.153932659,3702455.508739205,26794.460734678534,5773432.584318664,202909.24999378278,4279.461978399764
2009-02-06,4,Friday,0,0,0,0,0,0,0,1.38629436111989,2237850.3087691576,544662.9461741332,5653.99542254112,8304579.448056729,3401664.7096105893,28979.508147314868,8537681.143244324,334368.84868262074,5858.160022398273
2009-02-07,5,Saturday,0,0,0,0,0,0,0,1.6094379124341,2545841.273877331,678492.941840071,9668.53236840442,9803197.534494272,2540126.2883605035,28458.324289348107,8118032.754105858,259628.90689707999,6236.187352676624
2009-02-08,6,Sunday,0,0,0,0,0,0,0,1.79175946922805,2046482.0743587338,394702.7111440749,5527.944798784843,7452676.908724469,1294219.6521500207,28707.716908361042,5889040.736879644,168348.7279045259,5005.293620374885
2009-02-09,7,Monday,0,0,0,0,0,0,0,1.94591014905531,1776765.018462619,274851.64830482495,5544.414109432481,5340779.286608552,1982157.4158489716,20555.790464492686,4747910.435281668,134585.96722959416,3338.859966068209
2009-02-10,8,Tuesday,0,0,0,0,0,0,0,2.07944154167984,1894535.2550084454,280856.509356588,5153.511395676241,6072843.832217905,1156017.3800209032,17981.043539842773,4549252.77284793,121277.12762328672,3079.996741114151
2009-02-11,9,Wednesday,0,0,0,0,0,0,0,2.19722457733622,1756314.2817425323,277694.069267338,4826.595987904354,5870706.42065304,1817634.6653090036,17661.003645378572,5359083.604760643,105188.90321057127,3233.8009586481426
2009-02-12,10,Thursday,0,0,0,0,0,0,0,2.30258509299405,1640813.8064037878,317658.4038090011,4957.2104463328515,5978715.823349684,1266598.7303854106,21254.158678211807,5314290.193604635,130449.66297341905,4477.524528357557
2009-02-13,11,Friday,0,0,0,0,0,0,0,2.39789527279837,2074450.7282299956,482049.1239719933,6520.579421325748,7503321.451745333,2677770.5794811896,22833.167877114643,7700763.319347393,240714.91515634637,3846.8742380140034
2009-02-14,12,Saturday,1,0,0,0,0,0,0,2.484906649788,2666647.9587770887,699061.2106324281,8093.9703489673175,11147765.254606752,3986402.4998190776,26929.105429688992,8537681.143244324,253156.6336509165,4725.273480248661
2009-02-15,13,Sunday,1,0,0,0,0,0,0,2.56494935746154,2371223.082581499,413145.4454099559,4637.146727237133,12738871.47381334,3153937.4560522563,24078.27255126032,7707131.505066945,167021.52976517868,3724.609864879545
2009-02-16,14,Monday,1,0,0,0,0,0,0,2.63905732961526,2066269.6989356654,274965.82204641605,3988.834951561303,11819463.732175512,894167.0317685999,19112.043632861125,5981005.197626464,129609.57866871952,3151.7414166366316
2009-02-17,15,Tuesday,0,0,0,0,0,0,0,2.70805020110221,1925213.3234291058,286738.81637141964,3354.3919307137953,7188768.017367132,1448802.9787910026,16011.322495249007,4144942.835109032,128351.03439487872,3124.376365490879
2009-02-18,16,Wednesday,0,0,0,0,0,0,0,2.77258872223978,1791302.2183240182,339256.74742079305,4015.2754108351783,5699312.932176412,2206905.1905886657,15261.738464048178,5390695.581647414,125719.26647914421,3425.2099796586376
2009-02-19,17,Thursday,0,0,0,0,0,0,0,2.83321334405622,2105315.3437952716,392052.9748623529,5164.458971807557,8143512.827273837,1204604.3786179437,21660.88911489534,4653066.166123994,136733.46019348406,4410.871123311419
2009-02-20,18,Friday,0,0,0,0,0,0,0,2.89037175789616,2387468.6221944457,492109.2586343573,8717.444562874463,10323516.83527639,2667411.541872955,33694.477919228586,6966728.630203776,178435.5203260623,6709.488293111286
2009-02-21,19,Saturday,0,0,0,0,0,0,0,2.94443897916644,2491135.30236082,532302.5983531795,8874.23456011254,10684182.272768054,10877568.79969074,35399.5818360487,6767748.800546548,186298.4139109474,6708.074831913814
2009-02-22,20,Sunday,0,0,0,0,0,0,0,2.99573227355399,1890377.0248693812,408840.40498732793,5558.66383951475,6140391.214380405,7676467.286985895,19403.29329887569,5812381.5761558255,139577.41783276584,5080.892563158317
2009-02-23,21,Monday,0,0,0,0,0,0,0,3.04452243772342,1944618.579827034,274382.7704305322,4044.7310003989533,3908062.974823227,8145220.709896213,16383.261718599913,4661744.9717620555,127212.2490697764,3647.234990129393
2009-02-24,22,Tuesday,0,0,0,0,0,0,0,3.09104245335832,1613023.735558598,256253.97257892173,4039.93409186217,4874756.980833539,4119097.756404146,16784.600566760608,3887288.093721548,135066.39087124812,3888.982630357681
2009-02-25,23,Wednesday,0,0,0,0,0,0,0,3.13549421592915,1932904.666952201,282016.72503166815,4062.1125668313093,4659582.6670408,1940829.1125608527,16089.120488661218,5022287.0701576,147429.06190374724,4413.851555403817
2009-02-26,24,Thursday,0,0,0,0,0,0,0,3.17805383034795,2278088.3081204095,316530.16485356796,5687.161112178234,5584223.1116681,4991121.897751397,16997.74160884244,4988676.655278241,148349.30859346164,4099.021546130129
2009-02-27,25,Friday,0,0,0,0,0,0,0,3.2188758248682,2813031.4015736077,481794.46745953517,8001.569562763416,8428454.372971432,4682204.250510324,21525.72895751756,7538111.34948907,228626.17127634055,4291.268226213971
2009-02-28,26,Saturday,0,0,0,0,0,0,0,3.25809653802148,2973501.788543289,656679.4786373593,9389.137524952419,12347448.836907266,6136854.749762966,28078.64874899119,7944559.757556038,219011.38420192967,5235.180585684188
2009-03-01,27,Sunday,0,0,0,0,0,0,0,3.29583686600433,2564617.8950006803,445548.4275100313,6140.532936127851,10037966.56640762,4207738.598260493,22883.93809243061,5857498.418390933,184969.9914576981,3697.95116952322
2009-03-02,28,Monday,0,0,0,0,0,0,0,3.3322045101752,2109421.040192779,333803.13485423615,4174.664176386957,6821839.528143563,4368346.074228464,16729.91675313396,4593512.357277339,154054.7843702486,2691.361284004636
2009-03-03,29,Tuesday,0,0,0,0,0,0,0,3.36729582998647,2015893.9766743444,298247.8196796594,3966.734477868958,7693062.054130991,2653343.7838488473,18973.91831828291,4759292.265331065,150708.26131965083,3406.9607417665065
2009-03-04,30,Wednesday,0,0,0,0,0,0,0,3.40119738166216,1837073.562136139,301471.07193588617,3697.8668256899336,4768159.084281269,3080119.4287189343,14958.22893970768,5996835.6851578755,149854.38814235703,3884.7522946369095
2009-03-05,31,Thursday,0,0,0,0,0,0,0,3.43398720448515,1945947.3433008392,361850.85229378234,4327.971252349581,4280385.675229268,2729753.602161608,20549.86887451329,5197550.934372204,150307.22707167984,3236.961311995039
2009-03-06,32,Friday,0,0,0,0,0,0,0,3.46573590279973,2408067.6893934715,560404.0342305087,6028.472692115434,5471348.672671248,2363261.1496655596,21013.683796459984,7089115.093675287,219370.3813400579,4204.268229161075
2009-03-07,33,Saturday,0,0,0,0,0,0,0,3.49650756146648,2632291.5385959744,661940.8741811734,9193.825656771725,9731905.516269524,3220009.5018492555,28135.0024561102,6724828.933938653,182185.0253424509,4927.70963377728
2009-03-08,34,Sunday,0,0,0,0,0,0,0,3.52636052461616,2170928.0444785655,390195.3784168819,4880.379821010016,9172058.165242113,1197031.0318242786,20542.430848469663,5159896.95819499,141055.16817928466,3560.488872360182
2009-03-09,35,Monday,0,0,0,0,0,0,0,3.55534806148941,2184204.6242499263,272914.74595000944,3703.053122906389,6149693.89607039,864580.7618129703,15764.702457006717,4280362.838802967,104610.63241457345,3135.820534116272
2009-03-10,36,Tuesday,0,0,0,0,0,0,0,3.58351893845611,2157066.537959527,271142.6943315179,4203.099432127413,5016105.00238689,924959.9419804963,14793.847316246736,4461475.439529988,118912.4433891954,2839.786302326153
2009-03-11,37,Wednesday,0,0,0,0,0,0,0,3.61091791264422,1695318.3288057977,307992.01042759075,4306.695932893458,4527496.022290535,864580.7618129703,16923.654309364232,5233526.846197973,99920.0379754566,3097.297444340925
2009-03-12,38,Thursday,0,0,0,0,0,0,0,3.63758615972639,2115807.0212892704,370751.5454183981,7053.6963556100145,5575272.536384859,864580.7618129703,22852.899017016836,4585132.138906712,127057.46564130475,3685.446276896933
2009-03-13,39,Friday,0,0,0,0,0,0,0,3.66356164612965,3234088.570157367,614098.6707282604,7909.575609006637,6801524.9922275795,913899.56580686,22358.083890419184,6526854.353509246,208749.61544934934,4845.952321963155
2009-03-14,40,Saturday,0,1,0,0,0,0,0,3.68887945411394,3710441.7015920887,820019.6336969829,8829.634296993892,7977781.374027318,1000862.888357762,25681.08330902708,8377260.90668422,258731.60082796958,6095.779396214026
2009-03-15,41,Sunday,0,1,0,0,0,0,0,3.71357206670431,3218662.345200171,537080.4957508252,4747.809019565778,5960653.6288009295,1156951.3953573327,20663.304146760005,6673959.664371601,191859.36131227727,4354.018778875185
2009-03-16,42,Monday,0,1,0,0,0,0,0,3.73766961828337,2379514.017552047,326919.28477979824,4211.570723022201,4476707.817621611,864580.7618129703,19643.952967819743,5762302.145708731,194061.49082704468,3248.1449360092774
2009-03-17,43,Tuesday,0,1,0,0,0,0,0,3.76120011569356,2594999.0615456,296517.9463484786,4750.390174773346,5059571.073564622,1751434.6502956103,20022.616345957624,5839501.666246923,165306.1854137399,2843.7879753222496
2009-03-18,44,Wednesday,0,0,0,0,0,0,0,3.78418963391826,1938028.2460154288,293922.1691729475,4081.424664327702,5042463.431846943,1601675.110392384,24691.263422199,5130116.1957253525,125266.06288572065,2947.1782495704715
2009-03-19,45,Thursday,0,0,0,0,0,0,1,3.80666248977032,1707620.0891234793,437291.2009816706,6205.966588976475,5096702.206890351,2197005.0571486373,26790.100214492726,5139681.083490539,133959.3655602255,3997.9719044417116
2009-03-20,46,Friday,0,0,0,0,0,0,1,3.8286413964891,2529491.8698188006,611906.7920202869,7790.00936229067,6734184.680764848,3379541.6132788076,36267.14115319395,7969672.8436495755,193384.78781591184,4936.141274490031
2009-03-21,47,Saturday,0,0,0,0,0,0,1,3.85014760171006,2581131.713654817,754203.9155755268,6552.628087767464,7696040.865865584,4052329.061355972,33724.45658535383,6489479.317856602,189870.5126896483,5005.319676530686
2009-03-22,48,Sunday,0,0,0,0,0,0,1,3.87120101090789,2043504.6879350338,525593.6167407448,6185.590225719669,4950158.240623796,4414547.354459635,24900.280010293896,5632840.083931726,156217.09746383445,4207.86544058189
2009-03-23,49,Monday,0,0,0,0,0,0,1,3.89182029811063,2125311.1600591247,344466.9651162598,5303.376702028575,3996771.138307747,2897664.7918111873,16656.464484830067,4744390.955427468,121614.0086589025,3532.9763059224415
2009-03-24,50,Tuesday,0,0,0,0,0,0,1,3.91202300542815,1817305.5986220639,291781.78569685086,4737.429107515763,4743595.226357496,1487131.219657195,19613.582592892562,4464389.716850845,104941.98577088202,3428.603763517517
2009-03-25,51,Wednesday,0,0,0,0,0,0,1,3.93182563272433,1862858.976843199,278821.1995913417,5305.045475737491,5706648.917202938,1145390.1353805116,16384.0999172958,4445718.614221861,98842.21670175344,2916.4525304458043
2009-03-26,52,Thursday,0,0,0,0,0,0,1,3.95124371858143,1913617.492069733,325543.2049096157,5847.626907644368,7439876.634695721,1710134.0960128163,21279.893760332918,4253139.676675181,113088.59730437369,3976.001007713691
2009-03-27,53,Friday,0,0,0,0,0,0,1,3.97029191355212,2535396.2311515827,485566.42707403674,7034.829840726692,12363337.650752729,7805764.029302193,20665.365482591158,6507935.735831093,221650.25785115865,6501.289582851806
2009-03-28,54,Saturday,0,0,0,0,0,0,1,3.98898404656427,2387506.9493165785,724633.9352047835,9579.81198157027,11206008.178058099,6343227.865557221,27190.44585624251,6811235.080761649,206980.90778585197,6854.771262917223
2009-03-29,55,Sunday,0,0,0,0,0,0,1,4.00733318523247,1691080.6861140542,501362.05790104077,6546.350628473326,8659924.384811658,4025527.0115765478,26563.537324727753,4689770.271639414,180117.6329693282,3602.770785792144
2009-03-30,56,Monday,0,0,0,0,0,0,1,4.02535169073515,1530709.7702397802,312557.2384193095,5286.3935162946755,5037964.182805923,2644521.073339487,19926.62661351431,4246886.652671686,136845.36081089012,2474.803561791536
2009-03-31,57,Tuesday,0,0,0,0,0,0,1,4.04305126783455,1491942.916287364,283315.5734877609,4456.640742711785,4464316.243379067,3958473.569098928,22661.20834822393,4018780.928708899,128113.98190883931,2610.4496250888096
2009-04-01,58,Wednesday,0,0,0,0,0,0,1,4.06044301054642,1451638.9009826516,317888.89862324216,4881.9052318869035,3236490.106139156,3483367.9774160306,17717.317131825705,5041246.563338117,119626.97950687185,2611.2545615675317
2009-04-02,59,Thursday,0,0,0,0,0,0,1,4.07753744390572,1648561.45170976,385347.9037195666,7395.160538543349,4795247.954907184,4084886.417988477,23572.757426706175,4871163.263713852,142492.8647153632,4041.8926909094534
2009-04-03,60,Friday,0,0,0,0,0,0,1,4.0943445622221,2007178.7958463675,580015.8110675872,8986.770718012698,7700300.192088509,7733209.190759116,25349.339483749503,6656676.564246771,225372.35334748254,4394.362262637564
2009-04-04,61,Saturday,0,0,0,0,0,0,1,4.11087386417331,2437671.745950777,739709.5959396887,8637.778397367896,9462013.382101584,3333369.983392783,24890.70901136476,8383807.499978174,210531.3100781176,5462.127855045943
2009-04-05,62,Sunday,0,0,0,0,0,0,1,4.12713438504509,2369256.101884618,506228.5298080286,8827.102373438298,4958754.61658116,3587968.5013646055,25620.813841786658,4912220.352727045,142742.56715525762,4109.777621520332
2009-04-06,63,Monday,0,0,0,0,0,0,1,4.14313472639153,1875368.1896774813,337169.8174010092,5443.739665450917,3837922.2585188793,3030721.674977349,19403.858411477177,4250082.808938086,102873.57412147123,2985.450677392355
2009-04-07,64,Tuesday,0,0,0,0,0,0,0,4.15888308335967,1921916.4391390197,263609.53391663276,3398.7385695948647,4622530.745865389,864580.7618129703,17646.467508106936,4162665.711869285,117080.63966552669,2942.1187048475817
2009-04-08,65,Wednesday,0,0,0,0,0,0,0,4.17438726989564,1719396.3451647456,303289.1845326224,4390.405738029826,3968506.8173957034,864580.7618129703,15948.966202849235,4744157.135536934,123932.9198818923,3045.8284654582944
2009-04-09,66,Thursday,0,0,0,0,0,0,0,4.18965474202643,1847101.765405068,370319.44319320924,7283.844485845225,5373882.181293283,1725981.6094583564,24793.91806034421,4814984.174514649,128758.17738849211,3866.0329122950975
2009-04-10,67,Friday,0,0,0,0,0,0,0,4.20469261939097,2345868.6172955083,482134.4339932858,7799.554361319851,8188296.621435196,3349995.5316133574,27581.569234255563,6893430.22391584,236660.51895565772,4701.998397316072
2009-04-11,68,Saturday,0,0,0,0,0,0,0,4.21950770517611,3013566.2858029734,639613.6537625754,7818.849274140784,10452261.137447005,3812678.4245923557,36267.14115319395,6297855.861144143,212784.3381362284,5144.758171626123
2009-04-12,69,Sunday,0,0,0,0,0,0,0,4.23410650459726,2246726.429276576,400508.3438585885,5290.759773241132,9196024.391772095,3295262.647246453,24049.768271056953,4487852.4399974365,164241.66721168847,4041.877186419131
2009-04-13,70,Monday,0,0,0,0,0,0,0,4.24849524204936,2036592.2006112435,270358.70755757485,4967.249854988499,6127135.278570631,3949914.8144648923,17647.295599157816,4035792.8338234765,129270.4881111275,4067.7232375137655
2009-04-14,71,Tuesday,0,0,0,0,0,0,0,4.26267987704132,1692291.5024301999,289565.74155517144,4773.3450952337835,6507863.749179683,2967089.423733685,16150.46330151941,3398186.4128940147,126535.40987749226,2901.102129102839
2009-04-15,72,Wednesday,0,0,0,0,0,0,0,4.27666611901606,1767340.862835513,290053.1935203157,4605.928492293615,5871272.358227916,1849382.5733468498,16914.496083061684,4313473.868380819,116787.0278243491,2966.030329752684
2009-04-16,73,Thursday,0,0,0,0,0,0,0,4.29045944114839,2040883.2109579502,333815.63053253025,5042.866077907587,5425100.454611293,2101226.076147214,18881.50646157013,4120374.0262002894,121545.33225457346,3820.809069510291
2009-04-17,74,Friday,0,0,0,0,0,0,0,4.30406509320417,2798574.643465198,470400.3671341932,7768.73010137514,6730793.6618419895,2562679.2408247357,22919.655692813812,6473481.08918602,203101.21910261954,5049.912878613755
2009-04-18,75,Saturday,0,0,0,0,0,0,0,4.31748811353631,2870396.876641346,619084.3254421351,11050.863796383017,9094435.914508913,2884940.453662518,27972.134258158385,5380070.355302318,194084.9650085811,5481.057283579073
2009-04-19,76,Sunday,0,0,0,0,0,0,0,4.33073334028633,2303203.8505811826,417473.5897282758,6978.091926643632,6255800.611649661,1597893.3006885755,20633.50694607021,4272398.499915006,139114.0119187597,5338.039434354888
2009-04-20,77,Monday,0,0,0,0,0,0,0,4.34380542185368,1971819.7705847286,290868.3160916444,4476.144217500494,4771759.569132272,1827720.871938618,16227.522950503684,4180124.7185687674,93134.6346962346,3764.938308989735
2009-04-21,78,Tuesday,0,0,0,0,0,0,0,4.35670882668959,1660875.8763355,271095.68568764545,4554.505543187339,4691034.649311478,2794747.3833710616,17243.954080748248,4597105.3997331755,111121.84343432743,3358.137388636916
2009-04-22,79,Wednesday,0,0,0,0,0,0,0,4.36944785246702,1710669.3720656373,294090.71103866806,3883.0898253930845,4230277.593379284,2667224.0771538727,23920.59121994253,4915167.776367354,105930.65232929357,2595.369553441055
2009-04-23,80,Thursday,0,0,0,0,0,0,0,4.38202663467388,1798351.532432038,389675.3024495441,5616.417749875712,5708803.285740903,5445037.781310116,26059.13967469494,4453263.742166741,126985.02982798705,3742.624068802973
2009-04-24,81,Friday,0,0,0,0,0,0,0,4.39444915467244,2675560.0169452233,568934.2726236004,7784.602705296037,8737649.231354918,6454992.833825126,32000.07176452964,6700549.001251804,235360.79091244814,5267.550636146223
2009-04-25,82,Saturday,0,0,0,0,0,0,0,4.40671924726425,2976638.4412093065,649422.5189061329,9738.031077007909,9326204.032491611,5023392.965261501,32017.00111901849,6212989.6900493,209734.2744484777,5728.77141977308
2009-04-26,83,Sunday,0,0,0,0,0,0,0,4.4188406077966,2151899.343030979,463695.02191019786,5842.069677006402,7603890.07845973,4055405.521035051,21349.093246908888,4150079.6861323076,163962.8211932601,3976.0829452823446
2009-04-27,84,Monday,0,0,0,0,0,0,0,4.43081679884331,1817623.2692025208,292826.1816519103,3991.3541116739693,6556586.9882896375,2793792.064154238,20164.497397375257,3600245.127591533,155548.58105387996,3220.724495629023
2009-04-28,85,Tuesday,0,0,0,0,0,0,0,4.44265125649032,1847620.8919870616,288009.03040487773,5761.019023877873,5338985.588995333,5912656.453960934,23000.421786587045,3919046.1669264077,139096.8389291988,3032.6975312533077
2009-04-29,86,Wednesday,0,0,0,0,0,0,0,4.45434729625351,1826989.345253644,329719.74965284416,4645.743272884215,4450815.537697449,4509275.238288114,16225.902104225714,4658117.032152666,130159.3113319756,3326.0587976886227
2009-04-30,87,Thursday,0,0,0,0,0,0,0,4.46590811865458,1745252.731474854,350325.71715292707,4651.149425015241,5898838.534739868,1880404.350136846,21389.21601477385,4340039.742477761,130402.99720753425,3927.441989460297
2009-05-01,88,Friday,0,0,0,0,0,0,0,4.47733681447821,2512154.3144649495,449687.478806263,7828.706812760929,7845785.17568211,1578367.5814747133,21436.28272888919,6483048.949055657,183368.64701144345,5388.446780004529
2009-05-02,89,Saturday,0,0,1,0,0,0,0,4.48863636973214,2567189.8813200607,570794.1358594608,8112.291570324198,9574574.9034969,7180145.756278514,21790.58937008852,5586906.625548265,187735.72758511797,5842.004030938128
2009-05-03,90,Sunday,0,0,1,0,0,0,0,4.49980967033027,2099846.142257438,353913.3680075843,4665.656451687798,6528826.1325166,6964599.820840556,16876.318150538787,4408990.404198584,154822.9799905846,3333.3968459263906
2009-05-04,91,Monday,0,0,0,0,0,0,0,4.51085950651685,1930639.4392402987,255136.4795952497,5039.2652486730385,4666584.260695883,1481249.5868938335,18277.029580963295,3515315.1470563323,142428.60348324146,3282.4988899427176
2009-05-05,92,Tuesday,0,0,0,0,0,0,0,4.52178857704904,2004945.1131394275,225753.2725873226,3799.2606703226047,4959134.236253517,2134745.6224928563,17517.682617700164,4064015.727900003,127338.03513120968,3399.6536648290426
2009-05-06,93,Wednesday,0,0,0,0,0,0,0,4.53259949315326,1834563.893897992,274096.0214953933,4917.806169376517,5417579.492746323,2287410.2708286433,19106.57499068565,4633410.223096824,105187.26960510886,3340.903222562654
2009-05-07,94,Thursday,0,0,0,0,0,0,0,4.54329478227,1779012.990919238,374023.7269716741,5377.951683765203,6760322.481531531,3128385.2654493502,20453.785737834147,4244067.587776585,113505.71516572265,2650.1178674269786
2009-05-08,95,Friday,0,0,0,0,0,0,0,4.55387689160054,2099208.8984426283,557101.6370142336,8366.09312535447,9506929.45648147,6407214.78580224,26445.956059778255,6051863.415258793,195413.02367517404,3382.058299138735
2009-05-09,96,Saturday,0,0,0,0,0,0,0,4.56434819146784,2402892.2569038253,592826.2576327326,9048.49444027343,9625895.964923974,13660240.252732258,27969.741349899003,5585062.160168672,237839.58060887337,4652.789665153189
2009-05-10,97,Sunday,0,0,0,0,0,0,0,4.57471097850338,2053122.7798680058,450360.4788848112,7676.746026302244,6870107.805380267,5310212.373126914,21074.455104033506,4260847.600087056,160930.94898176758,3558.1503823129374
2009-05-11,98,Monday,0,0,0,0,0,0,0,4.58496747867057,1764279.1865434218,311173.16692395334,4350.018661534852,4013181.421023124,1300665.775595347,17352.42065992349,3855676.00227825,138692.016376936,3440.862203994749
2009-05-12,99,Tuesday,0,0,0,0,0,0,0,4.59511985013459,1914253.713801417,283075.65143809334,5235.13304010225,3455948.3955834163,1800114.637210848,16036.89187295567,3522605.7518030885,121674.10343509687,4172.409438066107
2009-05-13,100,Wednesday,0,0,0,0,0,0,0,4.60517018598809,1685969.681726114,291525.49068983155,4450.615790805963,3330241.5842980137,2621801.8175759446,15589.396988618635,4045913.0906883036,129985.16464080579,3724.970411918184
2009-05-14,101,Thursday,0,0,0,0,0,0,0,4.61512051684126,1725880.1916663235,339506.74300646095,5225.074095881998,5182538.767197396,3099599.917554263,15318.581018161161,4116399.062711578,144981.35403494618,3832.2877708606534
2009-05-15,102,Friday,0,0,0,0,0,0,0,4.62497281328427,2312376.4250887334,443132.88879256166,7913.058385685823,8267391.490841225,5002993.6953047095,19932.478567160553,6133360.755719306,220038.48427726305,4092.9442518963783
2009-05-16,103,Saturday,0,0,0,0,0,0,0,4.63472898822964,2821572.426589123,597435.3081471757,10257.133528790035,8258460.310391162,2644072.3322699275,20759.599309778547,5906693.836884901,208737.52112640967,5096.6708516586195
2009-05-17,104,Sunday,0,0,0,0,0,0,0,4.64439089914137,2119766.5414998583,420895.72053070215,6458.552963920786,5795941.733148874,3702986.6658259514,21078.10672558696,4084920.804349235,133014.48743983312,3648.7496093056448
2009-05-18,105,Monday,0,0,0,0,0,0,0,4.65396035015752,1617604.8557463975,265604.1642094382,3473.389426721944,3866170.1411251253,4445764.502614952,17354.184908477324,3787941.1947500897,142885.87504220288,2607.5123743854842
2009-05-19,106,Tuesday,0,0,0,0,0,0,0,4.66343909411207,1574486.6273206454,244499.04356003128,4149.573021660154,4593699.971799702,2822104.470164073,16524.23233139303,3697157.224002236,136521.12975536883,2636.7505934423853
2009-05-20,107,Wednesday,0,0,0,0,0,0,0,4.67282883446191,1552705.0789641314,256911.45753685376,4765.618765751429,4067255.091526175,2539315.0977925803,17856.32468233468,4545813.893457526,128365.73458136737,3017.7754402229157
2009-05-21,108,Thursday,0,0,0,0,0,0,0,4.68213122712422,1703973.8617400199,314113.4179533067,4926.996455959016,5587659.55501982,4518946.445078877,22807.334312668754,4310325.016939483,118348.76428679435,4159.457421973552
2009-05-22,109,Friday,0,0,0,0,0,0,0,4.69134788222914,2281516.727949981,471361.35932237055,9067.107675259751,10761962.121548153,3425638.3178764423,23127.547835428453,6529673.146360258,174307.7457389081,4708.3353908059435
2009-05-23,110,Saturday,0,0,0,1,0,0,0,4.70048036579242,3595280.517515991,809399.0317325976,11855.125132977313,13458842.456615679,5738325.068413475,22809.058698116776,6934295.8551789755,191770.04541651826,5723.891592034642
2009-05-24,111,Sunday,0,0,0,1,0,0,0,4.70953020131233,2974032.831536339,509035.58622870327,8029.089272775101,8725988.38939115,3794593.609670661,19931.762501595113,4717188.840185254,151166.8810810869,4560.385221049091
2009-05-25,112,Monday,0,0,0,1,0,0,0,4.71849887129509,2619846.8936744384,376580.8462124301,6874.479323698507,4887303.51952013,2695929.3139943806,14222.970396733635,4300302.120618571,117740.36530607709,3585.167462165213
2009-05-26,113,Tuesday,0,0,0,0,0,0,0,4.72738781871234,1654768.3084492718,312403.5029054914,5519.8683749258935,5375006.737733885,3323872.7134185825,13224.482127173787,3386666.012910353,126168.70616291043,2897.2214610509645
2009-05-27,114,Wednesday,0,0,0,0,0,0,0,4.7361984483945,1618050.734616735,320234.97882822895,3483.471683480617,6230959.625282367,1455213.1299869367,14864.157181619616,4291786.770637748,125825.28883105773,2849.6602164400606
2009-05-28,115,Thursday,0,0,0,0,0,0,0,4.74493212836325,1731514.767832004,384119.0156164732,4956.262404020873,7444604.428793858,1755512.962634536,13501.663612453493,3507415.7260182723,143013.24616360164,3503.7787459317024
2009-05-29,116,Friday,0,0,0,0,0,0,0,4.75359019110636,2067575.4772988746,567819.2686253279,6843.250058949559,9745302.619702583,4027338.9210334024,24894.915356937698,5888784.983078399,237757.48034270876,4676.968998919379
2009-05-30,117,Saturday,0,0,0,0,0,0,0,4.76217393479776,2282039.322750823,645634.127159554,8181.577779917249,9949530.483604787,2261670.4777645795,30751.3513103272,5459409.037172111,201693.7613921826,4912.026532596274
2009-05-31,118,Sunday,0,0,0,0,0,0,0,4.77068462446567,2053662.5312704477,442767.04403265775,6240.084532598124,7615618.395728234,2670582.3100709515,28605.487816771478,4664625.226544631,146909.7420860775,4526.506096437998
2009-06-01,119,Monday,0,0,0,0,0,0,0,4.77912349311153,1739318.9835213514,321192.7195130197,4723.852822634626,6171236.67483842,1343905.9457052692,20903.455057853047,3521041.2239808417,136461.74154296992,3473.3552309283427
2009-06-02,120,Tuesday,0,0,0,0,0,0,0,4.78749174278205,1787138.41578995,280897.4770241498,4416.035897156813,4817856.13915509,1016674.0319210996,21335.388716378817,3562920.096952591,131083.13971256363,3649.623630862185
2009-06-03,121,Wednesday,0,0,0,0,0,0,0,4.79579054559674,1857934.7291858045,280298.4610414384,6699.788940682321,3460048.045873834,961224.0990084329,17732.861352714695,3793749.070604793,110734.06549907022,3798.4672290850176
2009-06-04,122,Thursday,0,0,0,0,0,0,0,4.80402104473326,2067352.9121822054,311430.9929302702,6086.725800787854,5941043.720222983,1303879.0858523478,19470.78925183047,4229580.60239432,122850.04722693659,4940.428729159493
2009-06-05,123,Friday,0,0,0,0,0,0,0,4.81218435537242,2691835.8365551187,467585.92177741555,9880.298523430727,9116985.915794509,1761276.3371345156,23066.917652532666,6136510.189488753,192508.02797293407,4962.261815557541
2009-06-06,124,Saturday,0,0,0,0,0,0,0,4.82028156560504,2797475.6149298474,603153.8496121358,11542.201300547798,7374513.238883196,1516995.1874981176,20440.03594508978,5709350.8202691,213820.16871694205,6678.066291206996
2009-06-07,125,Sunday,0,0,0,0,0,0,0,4.8283137373023,2208026.1937712627,384215.2954166851,6722.347576735166,5441057.509573904,1289596.7607727314,17340.073235048978,4506664.818172613,159361.72379429569,3721.6151551159905
2009-06-08,126,Monday,0,0,0,0,0,0,0,4.83628190695148,1689816.8301300558,248273.49893913657,6139.272312871078,4327314.866774416,1861778.392860027,15307.383302455573,3495480.325270521,141788.7677990675,3214.045788802186
2009-06-09,127,Tuesday,0,0,0,0,0,0,0,4.84418708645859,1689237.465405544,246907.40744996918,5993.846047823765,5295467.044135188,1301445.9908078676,13446.25798513909,3141598.1926705968,125885.63569093031,3442.161200895672
2009-06-10,128,Wednesday,0,0,0,0,0,0,0,4.85203026391962,1507170.9135437296,250863.05812366528,5709.485871217681,4684339.660497214,1194335.0040386962,18900.816064073537,3387821.7747929343,145960.0974521555,3581.7137472472496
2009-06-11,129,Thursday,0,0,0,0,0,0,0,4.85981240436167,1936190.4294559662,312816.3714942549,7676.734866481872,6631068.6496229265,1841818.963654068,21428.856975650466,3832916.01204904,166366.19273888596,4135.550495400718
2009-06-12,130,Friday,0,0,0,0,0,0,0,4.86753445045558,2591604.5124104116,452275.32886656624,7881.88963366911,6949437.952747932,11811745.084956598,23831.24495765897,5952656.210454395,236526.1863247794,5676.904418098448
2009-06-13,131,Saturday,0,0,0,0,0,0,0,4.87519732320115,2835665.5162624232,507514.4112365865,9112.763799685392,11908130.723500136,5570025.581689801,25181.711205219428,5529056.184705878,196124.35393265262,5113.837619249605
2009-06-14,132,Sunday,0,0,0,0,0,0,0,4.88280192258637,1976237.966818723,319921.42850661394,5164.52380463531,10266684.53967691,5446253.919668142,18648.676084601964,4173877.3924696404,159465.6321953475,3876.9117549550397
2009-06-15,133,Monday,0,0,0,0,0,0,0,4.89034912822175,1766332.87385253,198709.8672179763,4593.579242942488,7467506.313475951,2184633.470395511,12946.814718824007,3237352.9221466174,137053.99337808174,2829.029059247107
2009-06-16,134,Tuesday,0,0,0,0,0,0,0,4.89783979995091,1620504.2697487113,211940.68706432154,3612.824277736388,6663363.753682531,864580.7618129703,14423.837844019845,3280190.2334025837,137587.15224074834,2645.1822317770266
2009-06-17,135,Wednesday,0,0,0,0,0,0,0,4.90527477843843,1765681.826538009,238827.42341814516,3817.4481096686836,5465696.417360613,1156192.5476298388,19708.035148573275,3995041.5781268803,131477.17615508815,2898.5326092028868
2009-06-18,136,Thursday,0,0,0,0,0,0,0,4.91265488573605,1909030.6474467672,288533.5563440803,5165.546168267633,6149524.175108262,3518272.134184598,22787.928300134514,3683867.9864797983,142307.7023756815,3783.7878702458484
2009-06-19,137,Friday,0,0,0,0,0,0,0,4.91998092582813,2358775.828504632,445968.6184419129,7166.469314747229,8579946.910128582,10373051.486241853,23442.244719832615,5869919.327427498,249899.7841862172,5278.0786365014455
2009-06-20,138,Saturday,0,0,0,0,0,0,0,4.92725368515721,2522272.900609198,592302.2136556988,6240.063838203364,9070314.277559677,7678600.570356121,29964.23192433787,6473879.380514108,261703.32005459955,5959.539443133465
2009-06-21,139,Sunday,0,0,0,0,0,0,0,4.93447393313069,2001654.92074256,395251.3673091804,5029.81055121076,6741605.203981386,5026020.888757943,18681.127337522972,4324249.217724782,169803.27475128538,5172.683140336785
2009-06-22,140,Monday,0,0,0,0,0,0,0,4.9416424226093,2073550.809994817,261563.16649185648,4504.297550066656,5415141.859688423,1461493.4126217093,22450.04402036459,3555930.8017285718,136978.8831764367,3222.2323075593345
2009-06-23,141,Tuesday,0,0,0,0,0,0,0,4.94875989037817,1895389.1435213848,282518.1318284494,3322.111250844044,3837926.115747064,2801521.8567089643,23744.791729989334,3231546.323462202,132065.358237918,2851.455122532346
2009-06-24,142,Wednesday,0,0,0,0,0,0,0,4.95582705760126,1846957.901503699,304937.34490574925,4349.349758596191,3831711.6592305773,1413778.0271764658,20718.504614059235,4116474.7789666783,120101.47451218405,2518.184260500264
2009-06-25,143,Thursday,0,0,0,0,0,0,0,4.96284463025991,2061725.9912700984,384850.59999771824,4346.26942715636,5038969.6102704685,1585501.598992399,22299.469904162863,4027378.3933729418,139313.23382093819,3316.9560809032496
2009-06-26,144,Friday,0,0,0,0,0,0,0,4.969813299576,2618694.0113846953,585718.9682071621,6690.587397668425,7894219.357415362,2272715.774193623,21607.41346091902,6294196.183901227,202165.030734204,5115.803741345412
2009-06-27,145,Saturday,0,0,0,0,0,0,0,4.97673374242057,3139413.9259787383,723732.18468612,8501.80880498989,9107188.837324418,3507632.146425675,30236.316143237655,6113055.961319972,193990.97994560786,5655.39627745924
2009-06-28,146,Sunday,0,0,0,0,0,0,0,4.98360662170834,2528422.667803605,444532.32349703676,6302.40924071459,5541149.16878655,2583413.305182485,21510.065834402718,3903714.7541726893,127397.66867899387,3701.3045928246343
2009-06-29,147,Monday,0,0,0,0,0,0,0,4.99043258677874,1923767.3805439202,308721.215940632,5071.870628489041,4350151.567681365,2648884.0648570876,18375.670741533148,3173113.4374175835,128803.97600736094,3265.8178627672273
2009-06-30,148,Tuesday,0,0,0,0,0,0,0,4.99721227376411,1707248.9528236447,313459.0743222461,6171.461624642719,4864919.461172815,2855144.1651573097,13983.703304356519,3416400.108694373,125228.36270517186,2558.525220859083
2009-07-01,149,Wednesday,0,0,0,0,0,0,0,5.00394630594546,1520810.2898475202,309653.2106665141,5008.902430582299,3796237.834651283,1222881.3662452085,15156.142901161806,4258871.7880962845,111451.77979462245,2640.0239072765216
2009-07-02,150,Thursday,0,0,0,0,0,0,0,5.01063529409626,1701591.4587992877,361629.2698530034,6275.345836877829,4697474.140521305,2400263.758937614,17128.553505826523,4066373.0297502796,134360.44704347965,3652.736180738322
2009-07-03,151,Friday,0,0,0,0,1,0,0,5.01727983681492,2732716.892961946,462846.5863571323,6420.2647580186085,9173414.141526565,4689501.814402931,20946.357771096362,6659815.211787547,202405.76761664293,5214.963187120596
2009-07-04,152,Saturday,0,0,0,0,1,0,0,5.02388052084628,3275191.6825184505,664195.9003724647,9446.745634963458,12711550.690628674,3065778.650141307,24419.717992245045,5795388.501864542,210073.90825702786,5747.347495615147
2009-07-05,153,Sunday,0,0,0,0,1,0,0,5.03043792139244,2813715.9109545103,460423.74514555314,6785.8873815811185,9819472.273976699,2423997.507053892,22537.832358593714,3590992.241869707,170156.51791153758,4367.628735176869
2009-07-06,154,Monday,0,0,0,0,0,0,0,5.03695260241363,2070610.5410922847,318972.8960052739,5499.160455486162,6026445.534429945,864580.7618129703,23635.55280786371,3573737.0522808917,143994.47699325648,3599.0339993450934
2009-07-07,155,Tuesday,0,0,0,0,0,0,0,5.04342511691925,1858250.0915692856,295242.0291641574,3974.874262049663,5690340.496753483,1577257.2079315342,19195.061738238168,3969705.6252807365,150033.83693561287,3687.83639159852
2009-07-08,156,Wednesday,0,0,0,0,0,0,0,5.04985600724954,1882332.1732829702,327806.6644538107,4942.645090975672,5583195.285020416,1246095.5862981174,19107.300129914627,4441151.225460569,148375.06433825244,4221.125914944213
2009-07-09,157,Thursday,0,0,0,0,0,0,0,5.05624580534831,1981956.5825037553,415344.03906570957,7687.741514758846,8269564.802756848,2198894.4214299656,21278.70569266961,4238924.095918924,150920.6170857273,4348.838644175911
2009-07-10,158,Friday,0,0,0,0,0,0,0,5.06259503302697,2687917.037295246,598322.0616229591,11646.965191117684,9569535.868862687,4410810.486267528,27063.34996398188,6059146.474993106,197677.87963350356,4061.2496503939265
2009-07-11,159,Saturday,0,0,0,0,0,0,0,5.06890420222023,2830457.7342186407,770750.4175828315,9834.708291471183,12714718.451629153,5393034.119934896,23997.234513219475,5260071.479367369,180293.9133978403,4779.8120793548605
2009-07-12,160,Sunday,0,0,0,0,0,0,0,5.07517381523383,2510881.7547023664,573756.9036338499,6176.981844017475,8109140.652779286,2595024.897577508,20347.153926917013,3753068.9849797813,115854.16726122909,4104.538567170751
2009-07-13,161,Monday,0,0,0,0,0,0,0,5.08140436498446,1759541.234042122,355175.02611435717,4730.23353902084,3801878.517903154,864580.7618129703,16442.202025851348,3628640.3139648666,98451.44125153736,3223.5552426527915
2009-07-14,162,Tuesday,0,0,0,0,0,0,0,5.08759633523238,1542831.550626558,358463.049134778,3972.975647369831,3908705.6965391072,864580.7618129703,15612.830076330827,3497700.4214844457,94802.60433392366,2990.9501824018284
2009-07-15,163,Wednesday,0,0,0,0,0,0,0,5.09375020080676,1480021.7249546894,363645.4761207948,4744.828667772642,3618294.2633612463,864580.7618129703,18084.912340931827,4045209.8547229413,122568.6296770322,2999.5825385138846
2009-07-16,164,Thursday,0,0,0,0,0,0,0,5.0998664278242,1495348.588054471,348924.69337906485,5865.812911982173,5497814.22562506,1157413.1033105953,19582.48480402948,3858843.2710896023,154726.02390630846,3350.7526023430523
2009-07-17,165,Friday,0,0,0,0,0,0,0,5.10594547390058,2516314.3975733733,529942.2112044479,6518.568421121599,6965071.575812472,1634899.5071385351,23638.291373648248,5620527.422685992,216985.7013876505,3975.508816375035
2009-07-18,166,Saturday,0,0,0,0,0,0,0,5.11198778835654,3195757.7347947215,629079.2615610019,8420.778674254463,10014232.431839012,3508212.1525689242,24062.818977065188,5372982.457691604,177133.61147321112,4927.957950829211
2009-07-19,167,Sunday,0,0,0,0,0,0,0,5.11799381241676,2220772.9956583064,412983.51514115895,4810.799081411158,9607594.522801375,5130252.175587059,23214.357673296887,4007199.3737330176,159830.128545519,3530.6089864108512
2009-07-20,168,Monday,0,0,0,0,0,0,0,5.12396397940326,1780656.307576522,295699.5917621639,4057.079038476169,9723690.316885754,1771049.4194389863,17870.51050677949,3499209.245723587,121612.18155707831,2822.1090951339747
2009-07-21,169,Tuesday,0,0,0,0,0,0,0,5.12989871492307,1846896.1557682669,289080.1595964816,4075.722224499166,8902735.250735333,1337304.4022636614,17316.60081744652,3571659.5382732134,111531.16219944798,2682.2168733062504
2009-07-22,170,Wednesday,0,0,0,0,0,0,0,5.13579843705026,1847614.8698532083,353500.499310419,4350.3331361449145,7868511.863696102,2170409.4746504193,16384.22106836557,3936792.413925567,118551.07439760925,2535.330924991591
2009-07-23,171,Thursday,0,0,0,0,0,0,0,5.14166355650266,1839368.0196447643,363694.9648267999,6019.032711322352,6480911.7952521155,1214782.426067507,14836.048277172336,3926677.885038974,130286.26200378,3171.0648712383295
2009-07-24,172,Friday,0,0,0,0,0,0,0,5.14749447681345,2401117.471422398,532786.54257504,8552.571435474165,7978377.063912195,4474567.30372768,22869.842294864127,6235958.7454394195,194117.3487058991,4796.071933463693
2009-07-25,173,Saturday,0,0,0,0,0,0,0,5.15329159449778,2954059.00362202,761499.2664461448,11221.406513602516,6971469.887441043,4497025.955567899,22861.759904904287,5480872.451417824,186579.58948643543,5341.689929493127
2009-07-26,174,Sunday,0,0,0,0,0,0,0,5.15905529921453,2261306.8557132576,500657.73234725976,7201.134521515261,6284197.954406157,1328090.3306888775,20491.03616066697,4015210.92479001,121706.99549302204,3644.764154768159
2009-07-27,175,Monday,0,0,0,0,0,0,0,5.16478597392351,1966206.6147899197,298202.3583710295,4260.728733683498,6405704.512522682,2517234.6276639546,21429.104148324896,3404262.2631163863,103860.39439770432,2906.2811444035315
2009-07-28,176,Tuesday,0,0,0,0,0,0,0,5.17048399503815,1696698.3117678298,285188.559020349,4906.242235258717,6450766.444143614,3428023.7813854506,19818.99026086377,3513564.6334817125,122535.07029662444,2553.3145062409335
2009-07-29,177,Wednesday,0,0,0,0,0,0,0,5.17614973257383,1673951.7422381456,292632.57236887875,4064.4940853011976,5027753.406205497,2423339.43290738,20041.434446728632,4128477.9840970794,107118.2421946164,2798.5717000115646
2009-07-30,178,Thursday,0,0,0,0,0,0,0,5.18178355029209,1746238.4797340652,333903.5620758716,6454.38599678588,5498913.355681121,2008348.1187602843,24632.033587970902,3999681.2507805517,122678.51740636498,3062.5374412419287
2009-07-31,179,Friday,0,0,0,0,0,0,0,5.18738580584075,2196590.516160032,558981.8398967268,9628.529905521733,8148922.5689801155,2762548.654168672,26837.977436003846,6039278.611281809,188096.29143398817,3361.5311827369037
2009-08-01,180,Saturday,0,0,0,0,0,0,0,5.19295685089021,2614420.323585842,757370.1973524444,11860.152484731057,9776255.220660066,3609297.456649811,29251.469629862193,5807113.377279151,210208.7546165222,3933.9733925062974
2009-08-02,181,Sunday,0,0,0,0,0,0,0,5.19849703126583,2236372.9955495624,482829.5138039415,7021.727484927674,8299786.654886287,5878591.136820632,24083.49880349687,3766509.8704893235,152173.01761029876,3350.590783310584
2009-08-03,182,Monday,0,0,0,0,0,0,0,5.2040066870768,2122497.4995739195,297166.256584075,4932.916314216811,4296849.274704975,2987352.5467463634,18588.562313797902,3094923.3764927136,126503.56911681911,3355.7020738047527
2009-08-04,183,Tuesday,0,0,0,0,0,0,0,5.20948615284142,1983576.7506960463,262134.01580648517,4924.246883575509,4065289.01057875,2968305.033631169,13955.50377348477,3168407.154335875,112080.73224823516,2445.1198128533306
2009-08-05,184,Wednesday,0,0,0,0,0,0,0,5.21493575760899,1919898.1405918684,318605.59758125915,4246.404216747325,4038538.7209484964,3175877.7181880837,17168.915274048555,3842423.7756126826,110390.66409409697,2755.6639755231668
2009-08-06,185,Thursday,0,0,0,0,0,0,0,5.22035582507832,2281706.981618719,404820.6635618432,7869.271060756276,6542918.934039647,2545159.930854932,22618.126464366254,4149326.8976161014,124316.28571880302,3549.075158373133
2009-08-07,186,Friday,0,0,0,0,0,0,0,5.2257466737132,2211244.288808936,573592.2344002008,8776.376820938558,9994380.523824206,3923906.0518859946,25621.819432369244,5531801.426577881,184310.63643569904,5528.546180559732
2009-08-08,187,Saturday,0,0,0,0,0,0,0,5.23110861685459,2250095.8406068664,680946.6616037528,9196.30496128894,8640208.345632197,2932660.1425443194,22983.842746523824,5276616.7456718655,168461.82397599777,6847.619209518674
2009-08-09,188,Sunday,0,0,0,0,0,0,0,5.23644196282995,1842872.683585681,396305.32139387337,6119.037839377532,6548239.928099473,1361487.3930883904,22394.399729119097,4334002.188270342,120306.80100121042,4726.524854482253
2009-08-10,189,Monday,0,0,0,0,0,0,0,5.24174701505964,1693150.875093042,266103.62940291694,4337.504353852587,4938053.010647515,864580.7618129703,14672.51101829483,3618443.3147952766,102591.28679812743,3688.4228544556413
2009-08-11,190,Tuesday,0,0,0,0,0,0,0,5.24702407216049,1846847.240767965,273702.19233248633,4413.095545072667,5384441.133188017,1065676.545501952,15080.646869338429,3548107.6642221212,115007.72046290337,3228.6161312849354
2009-08-12,191,Wednesday,0,0,0,0,0,0,0,5.25227342804663,1869917.2547665108,260277.44434789615,4512.27167626214,5703353.704432671,1640815.5120532685,16199.161624415397,4688750.894628426,110115.44238680095,3477.0058772151615
2009-08-13,192,Thursday,0,0,0,0,0,0,0,5.25749537202778,2028523.707827526,303198.9677245044,5210.9509716857965,7705255.987158694,2209507.088452971,15941.732024422616,4355855.793667346,118444.6018907229,3711.6756068432232
2009-08-14,193,Friday,0,0,0,0,0,0,0,5.26269018890489,2497072.7279926753,478190.3785891489,8730.116633285179,11759257.286913062,4244449.644677788,23292.909427391787,5491088.543765325,175651.98144488182,5132.600805534275
2009-08-15,194,Saturday,0,0,0,0,0,0,0,5.26785815906333,2608826.993554614,572704.0925582894,9869.025241803662,11338704.779236741,4090836.2207732345,28376.504767833994,5829029.24789352,170163.91508709843,5408.513223779171
2009-08-16,195,Sunday,0,0,0,0,0,0,0,5.27299955856375,2372817.576798437,436878.4566414095,6909.11097076115,6908932.158747708,4115940.6079624416,20968.863827392644,4182958.7505317396,144868.0714258486,4403.8361324328835
2009-08-17,196,Monday,0,0,0,0,0,0,0,5.27811465923052,1883630.0844872093,296640.67153263354,7710.259980113555,6450738.907123498,3288595.1296371133,15469.990919711478,3595869.552786438,112872.64113761563,3444.554997218534
2009-08-18,197,Tuesday,0,0,0,0,0,0,0,5.28320372873799,1991899.9106577788,261014.65745058894,7104.102754344722,7288794.386587611,3482662.4920849567,16481.565712955944,3388102.571159927,109310.68242700928,2773.9709483511706
2009-08-19,198,Wednesday,0,0,0,0,0,0,0,5.28826703069454,1751486.4912260303,265786.9801041697,4619.47176198024,6350385.511662517,3127806.2651202544,18121.900869721612,3956482.529843043,96866.43442656324,3194.6436152816545
2009-08-20,199,Thursday,0,0,0,0,0,0,0,5.29330482472449,2157637.4285129164,349285.88282533456,5858.0934382064925,6695462.313983769,5544498.3728846125,20654.573676830256,4288440.340167531,109471.53513459452,3658.1869449438777
2009-08-21,200,Friday,0,0,0,0,0,0,0,5.29831736654804,2518134.2096325886,504569.77381686633,9366.684466179844,6928500.330526131,4878393.135199251,32291.0398060465,5710240.808576689,174090.32736315427,5067.098806814172
2009-08-22,201,Saturday,0,0,0,0,0,0,0,5.30330490805908,3041785.671506772,636151.8805126598,11174.207491158826,8660614.280493712,2946973.0594308884,33743.445046246256,5663012.155142826,169394.4229560716,5120.470910894269
2009-08-23,202,Sunday,0,0,0,0,0,0,0,5.30826769740121,2178619.5023402506,449463.7246804825,8888.160013157716,5034278.684113306,2875280.9419188476,17967.677824720096,4718822.013447646,129936.95061513735,3843.9260980951185
2009-08-24,203,Monday,0,0,0,0,0,0,0,5.31320597904179,1590466.2638234177,306067.70611550246,4562.0904712229285,4442279.475508134,2580345.456677018,12339.116370082646,3761211.8190161386,99712.55957274385,3358.1483490217565
2009-08-25,204,Tuesday,0,0,0,0,0,0,0,5.31811999384422,1710896.9341958,280110.6889798567,4916.054822299214,3571961.010170291,4175905.603056668,13594.432041552222,3979723.3774269274,100156.62156481437,2958.3396939469485
2009-08-26,205,Wednesday,0,0,0,0,0,0,0,5.32300997913841,1507070.294795681,318524.6966239126,5353.849197200794,3383737.2262780317,3953236.8860962223,12984.071392279384,4233730.1490778215,109940.13170071735,2869.804358079275
2009-08-27,206,Thursday,0,0,0,0,0,0,0,5.32787616878958,2054762.9125359745,413111.7365445358,6098.143207941044,4736882.225926283,4404262.951673714,14901.108452301076,3914019.958504199,117851.23266626708,4205.866293526826
2009-08-28,207,Friday,0,0,0,0,0,0,0,5.33271879326537,2638464.5338729215,614902.5575525792,7707.294593203121,7386969.392093366,3651930.359546452,28181.007784008965,5661183.3098354265,184779.44648300094,5519.7189376422175
2009-08-29,208,Saturday,0,0,0,0,0,0,0,5.33753807970132,2692784.0953313466,697418.0633325275,8479.423025511061,8140235.577187701,5221496.59352145,28221.165439768567,6073479.444203203,165393.5144449193,6661.31770202882
2009-08-30,209,Sunday,0,0,0,0,0,0,0,5.34233425196481,2112236.9473650698,417497.57507826225,5121.955312916867,6290051.531033417,2606911.301241692,18956.16082892257,5249839.312722906,131466.58940042843,5019.183128630242
2009-08-31,210,Monday,0,0,0,0,0,0,0,5.34710753071747,1737523.6796174124,269349.78931249754,3550.0261284873604,4628279.360926998,1158893.413831035,16445.460781139158,3928217.452771172,114899.32153329649,3832.4378179145237
2009-09-01,211,Tuesday,0,0,0,0,0,0,0,5.35185813347607,1635123.598322514,258539.9510250211,4288.878047950357,4854903.810217386,1500374.818049616,13795.119457790863,3782688.2462859936,114769.84037689152,3052.9152351521366
2009-09-02,212,Wednesday,0,0,0,0,0,0,0,5.35658627467201,1496910.0895712187,252431.39013077153,4983.110911980462,4548676.2102233125,1497122.6281779925,14128.717438163952,4128575.0816199603,114056.78371649559,2959.0616164141593
2009-09-03,213,Thursday,0,0,0,0,0,0,0,5.36129216570943,1817519.2153438625,297644.30395340896,5157.304932014183,4725618.611325214,3215829.4736998747,15027.280044736366,3990989.026133316,117253.48889195865,3824.841041154768
2009-09-04,214,Friday,0,0,0,0,0,0,0,5.36597601502185,2297500.199484858,427232.42059920775,6994.217207200179,5669902.991588563,3861254.9880048595,26731.66618112423,6690361.631792323,193182.77107083725,5731.701868387953
2009-09-05,215,Saturday,0,0,0,0,0,1,0,5.37063802812766,2924768.7988838796,555337.9193192507,11060.147237092622,7806546.733375764,13266528.185167221,25518.264973648205,8121606.613347258,193181.51532083823,5664.9784832707965
2009-09-06,216,Sunday,0,0,0,0,0,1,0,5.37527840768417,2556870.497264504,359903.19471521577,6310.457778990762,5936090.020358509,10043187.432728706,23093.202772902667,5541979.77674487,155986.93888032375,4726.004136570869
2009-09-07,217,Monday,0,0,0,0,0,1,0,5.37989735354046,2114008.064569764,259130.1735523429,4222.532970730557,5430820.466484306,5288361.511198291,19301.533882261483,4401039.05891309,135823.08604557277,3546.5379418556527
